iter	RMSE
0	3840.571706
1	3809.752191
2	3780.848729
3	3752.032341
4	3724.240917
5	3696.102493
6	3666.892475
7	3637.414925
8	3610.294702
9	3583.226146
10	3554.533542
11	3528.35323
12	3501.208881
13	3473.171303
14	3445.134691
15	3419.835413
16	3393.040535
17	3363.615565
18	3338.058054
19	3312.426725
20	3287.348468
21	3260.818576
22	3234.413194
